<configs>
<append xpath="/ui_display_info">

<item_display>

		<item_display_info display_type="NakedGator" display_group="groupConsumables">
			<display_entry name="$waterAmountAdd" title_key="statWaterAmount"/>
			<display_entry name="dEfficientDigestion" title_key="statEfficientDigestion" display_type="Percent" display_leading_plus="true"/>
			<display_entry name="dRunSpeed" title_key="statRunSpeed" display_type="Percent" display_leading_plus="true"/>
			<display_entry name="dBuffString" title_key="Cause Bleeding (Melee)" display_type="Percent"/>
			<display_entry name="dDuration" title_key="statDuration" display_type="Time"/>
		</item_display_info>

</item_display>
</append>
</configs>
