<configs>
<append xpath="/buffs">


	<buff name="buffBerserker" name_key="buffBerserkerName" description_key="buffBerserkerDesc" showonhud="true" icon="ui_game_symbol_bull" icon_color="0,255,0">
		<duration value="10"/>
		<stack_type value="replace"/>
		
		<effect_group>
			<passive_effect name="RunSpeed" operation="perc_add" value=".1"/>
		</effect_group>

		<effect_group> <!-- Heal on dismemberment -->
			<requirement name="ItemHasTags" tags="melee,shotgun"/>
			<triggered_effect trigger="onDismember" action="ModifyStats" stat="Health" operation="add" value="3"/>
		</effect_group>

		<effect_group>
			<requirement name="ItemHasTags" tags="melee,shotgun"/>
			<passive_effect name="EntityDamage" operation="perc_add" level="1" value=".3"/>
		</effect_group>
	</buff>

		<buff name="buffMutantCoyoteFireAura" hidden="true">
			<update_rate value="1"/>
			<effect_group>
				<triggered_effect trigger="onSelfBuffStart" action="AttachParticleEffectToEntity" particle="p_torch_wall" local_offset="0,0,0" local_rotation="0,0,0" parent_transform="RightHand"/>
				<triggered_effect trigger="onSelfBuffStart" action="AttachParticleEffectToEntity" particle="p_torch_wall" local_offset="0,0,0" local_rotation="0,0,0" parent_transform="LeftHand"/>
				<triggered_effect trigger="onSelfBuffStart" action="AttachParticleEffectToEntity" particle="p_hotemberszombie" local_offset="0,0,0" local_rotation="0,0,0" parent_transform="Spine"/>
				<triggered_effect trigger="onSelfBuffRemove" action="RemoveParticleEffectFromEntity" particle="p_torch_wall" local_offset="0,0,0" local_rotation="0,0,0" parent_transform="RightHand"/>
				<triggered_effect trigger="onSelfBuffRemove" action="RemoveParticleEffectFromEntity" particle="p_torch_wall" local_offset="0,0,0" local_rotation="0,0,0" parent_transform="LeftHand"/>
				<triggered_effect trigger="onSelfBuffRemove" action="RemoveParticleEffectFromEntity" particle="p_hotemberszombie" local_offset="0,0,0" local_rotation="0,0,0" parent_transform="Spine"/>
			</effect_group>
		</buff>

		<buff name="buffMutantBearDeco" hidden="true">
			<effect_group>
				<triggered_effect trigger="onSelfBuffStart" action="AttachPrefabToEntity" prefab="Entities/OutdoorDecor/cowSkullPrefab" local_offset="0,.10,.4" local_rotation="80,0,0" parent_transform="Head"/>
			</effect_group>
		</buff>

		<buff name="buffMutantCatDeco" hidden="true">
			<effect_group>
				<!-- <triggered_effect trigger="onSelfBuffStart" action="AttachPrefabToEntity" prefab="#Other/Items?Weapons/Melee/Knives/boneShivPrefab.prefab" local_offset="0,.15,.08" local_rotation="-15,175,0" parent_transform="Spine1"/> -->
				<triggered_effect trigger="onSelfBuffStart" action="AttachPrefabToEntity" prefab="#Other/Items?Weapons/Melee/Knives/boneShivPrefab.prefab" local_offset="0,.15,.1" local_rotation="-15,15,0" parent_transform="Spine"/>
				<triggered_effect trigger="onSelfBuffStart" action="AttachParticleEffectToEntity" particle="#Other/Items?Weapons/Melee/Knives/boneShivPrefab.prefab" local_offset="0,.15,.15" local_rotation="-25,40,0" parent_transform="Spine1"/>
				<triggered_effect trigger="onSelfBuffStart" action="AttachParticleEffectToEntity" particle="#Other/Items?Weapons/Melee/Knives/boneShivPrefab.prefab" local_offset="0,.15,-.1" local_rotation="-15,90,0" parent_transform="Spine"/>
				<triggered_effect trigger="onSelfBuffStart" action="AttachPrefabToEntity" prefab="#Other/Items?Weapons/Melee/Knives/boneShivPrefab.prefab" local_offset="0,.08,-.1" local_rotation="10,0,0" parent_transform="Head"/>
				<triggered_effect trigger="onSelfBuffStart" action="AttachPrefabToEntity" prefab="#Other/Items?Weapons/Melee/Knives/boneShivPrefab.prefab" local_offset="0,-.18,0" local_rotation="180,0,-30" parent_transform="RightShoulder"/>
				<triggered_effect trigger="onSelfBuffStart" action="AttachParticleEffectToEntity" particle="#Other/Items?Weapons/Melee/Knives/boneShivPrefab.prefab" local_offset="0,-.18,-.05" local_rotation="180,0,-45" parent_transform="RightShoulder"/> 
				<triggered_effect trigger="onSelfBuffStart" action="AttachPrefabToEntity" prefab="#Other/Items?Weapons/Melee/Knives/boneShivPrefab.prefab" local_offset="0,.18,0" local_rotation="0,0,30" parent_transform="LeftShoulder"/>
				<triggered_effect trigger="onSelfBuffStart" action="AttachParticleEffectToEntity" particle="#Other/Items?Weapons/Melee/Knives/boneShivPrefab.prefab" local_offset="0,.18,.05" local_rotation="0,0,45" parent_transform="LeftShoulder"/>
			</effect_group>
		</buff>
		
		<buff name="buffMutantWolfBite1" hidden="true">
		<duration value="5"/>
		<stack_type value="replace"/>
			<effect_group>
				<triggered_effect trigger="onSelfBuffStart" action="ModifyScreenEffect" intensity="1" fade="0" effect_name="Posterize"/>
				<triggered_effect trigger="onSelfBuffRemove" action="ModifyScreenEffect" intensity="0" fade="0"  effect_name="Posterize"/>
			</effect_group>
		</buff>
		<buff name="buffMutantWolfBite2" hidden="true">
		<duration value="5"/>
		<stack_type value="replace"/>
			<effect_group>
				<triggered_effect trigger="onSelfBuffStart" action="ModifyScreenEffect" intensity="1" fade="2" effect_name="VibrantDeSat"/>
				<triggered_effect trigger="onSelfBuffRemove" action="ModifyScreenEffect" intensity="0" fade="2"  effect_name="VibrantDeSat"/>
			</effect_group>
		</buff>
		<buff name="buffMutantWolfBite3" hidden="true">
		<duration value="5"/>
		<stack_type value="replace"/>
			<effect_group>
				<triggered_effect trigger="onSelfBuffStart" action="ModifyScreenEffect" intensity=".4" fade="2" effect_name="Drunk"/>
				<triggered_effect trigger="onSelfBuffRemove" action="ModifyScreenEffect" intensity="0" fade="2"  effect_name="Drunk"/>
			</effect_group>
		</buff>
		<buff name="buffMutantWolfBite4" hidden="true">
		<duration value="5"/>
		<stack_type value="replace"/>
			<effect_group>
				<triggered_effect trigger="onSelfBuffStart" action="ModifyScreenEffect" intensity="1" fade="2" effect_name="Blur"/>
				<triggered_effect trigger="onSelfBuffRemove" action="ModifyScreenEffect" intensity="0" fade="2"  effect_name="Blur"/>
			</effect_group>
		</buff>
</append>
</configs>