<configs>
<append xpath="/items">

<item name="Dr. Prepper">
	<property name="Extends" value="drinkJarRedTea"/>
	<property name="DisplayType" value="DrPrepper"/>
	<property name="EconomicValue" value="48"/>
	<!-- <property name="CustomIcon" value="DrPrepper" /> -->
	<property name="CustomIcon" value="drinkCanMegaCrush"/>
	<property name="CustomIconTint" value="c32c57"/>
	<property class="Action0">
		<property name="Create_item" value="drinkCanEmpty"/>
	</property>

	<effect_group tiered="false">
		<requirement name="NotHasBuff" buff="buffIsOnFire"/>
			<triggered_effect trigger="onSelfPrimaryActionEnd" action="ModifyCVar" cvar="$waterAmountAdd" operation="add" value="10"/>
			<display_value name="dStaminaRegen" value=".15"/>
			<display_value name="dRunSpeed" value=".1"/>
			<display_value name="dDuration" value="363"/>
			<display_value name="dCarryCapacity" value="+3"/>
			<triggered_effect trigger="onSelfPrimaryActionEnd" action="ModifyCVar" cvar="$buffDrPrepperDuration" operation="add" value="363"/>
			<triggered_effect trigger="onSelfPrimaryActionEnd" action="ModifyCVar" cvar="$buffDrPrepperDuration" operation="set" value="1083">
				<requirement name="CVarCompare" cvar="$buffDrPrepperDuration" operation="GT" value="1083"/></triggered_effect>
			<triggered_effect trigger="onSelfPrimaryActionEnd" action="AddBuff" buff="buffProcessConsumables,buffDrPrepper"/>
	</effect_group>

	<effect_group tiered="false">
		<requirement name="HasBuff" buff="buffIsOnFire"/>
			<triggered_effect trigger="onSelfPrimaryActionEnd" action="AddBuff" buff="buffExtinguishFire"/>
	</effect_group>
</item>

</append>
</configs>