<configs>
<append xpath="/items">

<item name="Frobscottle">
	<property name="Extends" value="drinkJarRedTea"/>
	<property name="DisplayType" value="Frobscottle"/>
	<property name="EconomicValue" value="48"/>
	<property name="CustomIcon" value="drinkJarBoiledWater"/>
	<property name="CustomIconTint" value="84ff21"/>
	<property class="Action0">
		<property name="Create_item" value="drinkJarEmpty"/>
	</property>

	<effect_group tiered="false">
			<display_value name="dDuration" value="63"/>
			<triggered_effect trigger="onSelfPrimaryActionEnd" action="ModifyCVar" cvar="$buffFrobscottleDuration" operation="add" value="63"/>
			<triggered_effect trigger="onSelfPrimaryActionEnd" action="AddBuff" buff="buffProcessConsumables,buffFrobscottle"/>
	</effect_group>

</item>

</append>
</configs>
